{
  "experiment_config": {
    "random_seed": 42,
    "train_split": 0.6,
    "test_split": 0.2,
    "external_split": 0.2,
    "data_source": "emails_v4.parquet",
    "numeric_features": [
      "sender_domain_entropy",
      "has_attachment",
      "spf_flag_missing",
      "dkim_flag_missing",
      "num_links",
      "subject_length",
      "body_length",
      "keyword_count",
      "num_received_headers",
      "num_exclamation_marks",
      "num_malicious_links"
    ],
    "embedding_model": "all-MiniLM-L6-v2",
    "embedding_dim": 384,
    "svd_components": 100,
    "tfidf_max_features": 5000,
    "tfidf_ngram_range": [
      1,
      2
    ],
    "tfidf_min_df": 5,
    "tfidf_max_df": 0.8,
    "lr_max_iter": 1000,
    "lr_C": 1.0,
    "xgb_max_depth": 9,
    "xgb_n_estimators": 300,
    "xgb_learning_rate": 0.1,
    "xgb_min_child_weight": 7,
    "xgb_subsample": 0.85,
    "xgb_colsample_bytree": 0.85,
    "xgb_early_stopping": 20,
    "mlp_feature_hidden_dim": 32,
    "mlp_dropout": 0.3,
    "mlp_lr": 0.001,
    "mlp_weight_decay": 0.0001,
    "mlp_epochs": 50,
    "mlp_batch_size": 64,
    "mlp_early_stopping": 10
  },
  "data_splits": {
    "train_size": 119121,
    "test_size": 39707,
    "external_size": 53285
  },
  "model_performance": {
    "tfidf": {
      "test": {
        "accuracy": 0.9724733674163246,
        "precision": 0.9667776096822995,
        "recall": 0.9670702179176756,
        "f1": 0.966923891662884,
        "roc_auc": 0.995926442772736
      },
      "external": {
        "accuracy": 0.8968002252040912,
        "precision": 0.9280402449693789,
        "recall": 0.8783769796087362,
        "f1": 0.9025259239563945,
        "roc_auc": 0.9632276165409006
      }
    },
    "xgboost": {
      "test": {
        "accuracy": 0.9812123806885436,
        "precision": 0.9817959682345755,
        "recall": 0.9728813559322034,
        "f1": 0.9773183338400729,
        "roc_auc": 0.9979689869636603
      },
      "external": {
        "accuracy": 0.9260767570610866,
        "precision": 0.9812821892535937,
        "recall": 0.8808956974778318,
        "f1": 0.9283831203069035,
        "roc_auc": 0.982707774858687
      }
    },
    "mlp": {
      "test": {
        "accuracy": 0.9816657012617422,
        "precision": 0.9711217183770883,
        "recall": 0.985230024213075,
        "f1": 0.978125,
        "roc_auc": 0.9980090170652733
      },
      "external": {
        "accuracy": 0.9307309749460448,
        "precision": 0.9593534326189611,
        "recall": 0.9112583238450126,
        "f1": 0.9346875940049192,
        "roc_auc": 0.9797440952739194
      }
    }
  },
  "feature_names": [
    "sender_domain_entropy",
    "has_attachment",
    "spf_flag_missing",
    "dkim_flag_missing",
    "num_links",
    "subject_length",
    "body_length",
    "keyword_count",
    "num_received_headers",
    "num_exclamation_marks",
    "num_malicious_links"
  ],
  "timestamp": "2025-11-26T16:21:00.877805"
}