{
  "experiment_config": {
    "random_seed": 42,
    "train_split": 0.6,
    "test_split": 0.2,
    "external_split": 0.2,
    "data_source": "emails_v4.parquet",
    "numeric_features": [
      "sender_domain_entropy",
      "has_attachment",
      "spf_flag_missing",
      "dkim_flag_missing",
      "num_links",
      "subject_length",
      "body_length",
      "keyword_count",
      "num_received_headers",
      "num_exclamation_marks",
      "num_malicious_links"
    ],
    "embedding_model": "all-MiniLM-L6-v2",
    "embedding_dim": 384,
    "tfidf_max_features": 8000,
    "tfidf_ngram_range": [
      1,
      2
    ],
    "tfidf_min_df": 6,
    "tfidf_max_df": 0.6,
    "tfidf_threshold": 0.4,
    "lr_max_iter": 1000,
    "lr_C": 4.842855693488871,
    "lr_class_weight_ratio": 4.5,
    "xgb_max_depth": 7,
    "xgb_n_estimators": 400,
    "xgb_learning_rate": 0.08981654015231944,
    "xgb_min_child_weight": 1,
    "xgb_subsample": 0.9,
    "xgb_colsample_bytree": 0.8,
    "xgb_scale_pos_weight": 5.5,
    "xgb_threshold": 0.45,
    "xgb_early_stopping": 10,
    "mlp_feature_hidden_dim": 128,
    "mlp_dropout": 0.3,
    "mlp_lr": 0.0002540994280961815,
    "mlp_weight_decay": 0.0003358499007747041,
    "mlp_epochs": 50,
    "mlp_batch_size": 128,
    "mlp_pos_weight": 5.0,
    "mlp_threshold": 0.45,
    "mlp_early_stopping": 5
  },
  "optuna_optimized": {
    "objective": " Recall + OC-AUC",
    "description": "Hyperparameters optimized using Optuna for maximum recall and ranking ability"
  },
  "data_splits": {
    "train_size": 119121,
    "test_size": 39707,
    "external_size": 53285
  },
  "model_performance": {
    "tfidf": {
      "test": {
        "accuracy": 0.9679653461606266,
        "precision": 0.9351598173515981,
        "recall": 0.9917675544794189,
        "f1": 0.9626321974148061,
        "roc_auc": 0.9973531496890582
      },
      "external": {
        "accuracy": 0.9129773857558412,
        "precision": 0.9055233526550737,
        "recall": 0.937860124900804,
        "f1": 0.9214081117269198,
        "roc_auc": 0.9659468029685333
      }
    },
    "xgboost": {
      "test": {
        "accuracy": 0.9790968846802831,
        "precision": 0.9649715504978663,
        "recall": 0.9855326876513317,
        "f1": 0.9751437470052707,
        "roc_auc": 0.9978712240755261
      },
      "external": {
        "accuracy": 0.9337712301773482,
        "precision": 0.9524351226448632,
        "recall": 0.9244039609426216,
        "f1": 0.9382102148372524,
        "roc_auc": 0.9813402288645346
      }
    },
    "mlp": {
      "test": {
        "accuracy": 0.9770065731483114,
        "precision": 0.9573345836019457,
        "recall": 0.9888014527845036,
        "f1": 0.9728136259416967,
        "roc_auc": 0.9980523822472536
      },
      "external": {
        "accuracy": 0.9367927184010509,
        "precision": 0.9483633817608962,
        "recall": 0.9346858503260532,
        "f1": 0.941474942656565,
        "roc_auc": 0.9819897586930092
      }
    }
  },
  "feature_names": [
    "sender_domain_entropy",
    "has_attachment",
    "spf_flag_missing",
    "dkim_flag_missing",
    "num_links",
    "subject_length",
    "body_length",
    "keyword_count",
    "num_received_headers",
    "num_exclamation_marks",
    "num_malicious_links"
  ],
  "timestamp": "2025-12-01T00:33:10.472170"
}