{
  "experiment_config": {
    "random_seed": 42,
    "train_split": 0.6,
    "test_split": 0.2,
    "external_split": 0.2,
    "data_source": "emails_v4.parquet",
    "numeric_features": [
      "sender_domain_entropy",
      "has_attachment",
      "spf_flag_missing",
      "dkim_flag_missing",
      "num_links",
      "subject_length",
      "body_length",
      "keyword_count",
      "num_received_headers",
      "num_exclamation_marks",
      "num_malicious_links"
    ],
    "embedding_model": "all-MiniLM-L6-v2",
    "embedding_dim": 384,
    "svd_components": 100,
    "tfidf_max_features": 5000,
    "tfidf_ngram_range": [
      1,
      2
    ],
    "tfidf_min_df": 5,
    "tfidf_max_df": 0.8,
    "lr_max_iter": 1000,
    "lr_C": 1.0,
    "xgb_max_depth": 9,
    "xgb_n_estimators": 300,
    "xgb_learning_rate": 0.1,
    "xgb_min_child_weight": 7,
    "xgb_subsample": 0.85,
    "xgb_colsample_bytree": 0.85,
    "xgb_early_stopping": 20,
    "mlp_feature_hidden_dim": 32,
    "mlp_dropout": 0.3,
    "mlp_lr": 0.001,
    "mlp_weight_decay": 0.0001,
    "mlp_epochs": 50,
    "mlp_batch_size": 64,
    "mlp_early_stopping": 10
  },
  "data_splits": {
    "train_size": 147243,
    "test_size": 49081,
    "external_size": 15789
  },
  "model_performance": {
    "tfidf": {
      "test": {
        "accuracy": 0.9718220900144658,
        "precision": 0.9680387198046568,
        "recall": 0.97155485536738,
        "f1": 0.9697936005241892,
        "roc_auc": 0.9960056306687893
      },
      "external": {
        "accuracy": 0.9312812717714865,
        "precision": 0.7951834862385321,
        "recall": 0.9475266466247608,
        "f1": 0.8646963461778276,
        "roc_auc": 0.9847637768575696
      }
    },
    "xgboost": {
      "test": {
        "accuracy": 0.9784845459546464,
        "precision": 0.9782332031421425,
        "recall": 0.9754934138549736,
        "f1": 0.9768613874402909,
        "roc_auc": 0.9977978933391913
      },
      "external": {
        "accuracy": 0.9226676800304009,
        "precision": 0.7785648994515539,
        "recall": 0.9311287236949987,
        "f1": 0.84803982576229,
        "roc_auc": 0.9795020668637812
      }
    },
    "mlp": {
      "test": {
        "accuracy": 0.9807257390843708,
        "precision": 0.9856338402873231,
        "recall": 0.9727801846746313,
        "f1": 0.9791648312923972,
        "roc_auc": 0.9981098005773383
      },
      "external": {
        "accuracy": 0.9447716764836278,
        "precision": 0.8767234387672344,
        "recall": 0.8863077343536485,
        "f1": 0.8814895351997826,
        "roc_auc": 0.9823769981166495
      }
    }
  },
  "feature_names": [
    "sender_domain_entropy",
    "has_attachment",
    "spf_flag_missing",
    "dkim_flag_missing",
    "num_links",
    "subject_length",
    "body_length",
    "keyword_count",
    "num_received_headers",
    "num_exclamation_marks",
    "num_malicious_links"
  ],
  "timestamp": "2025-11-26T14:29:01.684094"
}