{
  "experiment_config": {
    "random_seed": 42,
    "train_split": 0.6,
    "test_split": 0.2,
    "external_split": 0.2,
    "data_source": "emails_v4.parquet",
    "numeric_features": [
      "sender_domain_entropy",
      "has_attachment",
      "spf_flag_missing",
      "dkim_flag_missing",
      "num_links",
      "subject_length",
      "body_length",
      "keyword_count",
      "num_received_headers",
      "num_exclamation_marks",
      "num_malicious_links"
    ],
    "embedding_model": "all-MiniLM-L6-v2",
    "embedding_dim": 384,
    "tfidf_max_features": 10000,
    "tfidf_ngram_range": [
      1,
      1
    ],
    "tfidf_min_df": 8,
    "tfidf_max_df": 0.95,
    "tfidf_threshold": 0.4,
    "lr_max_iter": 1000,
    "lr_C": 1.299304926078878,
    "lr_class_weight_ratio": 9.0,
    "xgb_max_depth": 8,
    "xgb_n_estimators": 350,
    "xgb_learning_rate": 0.02267537876243619,
    "xgb_min_child_weight": 5,
    "xgb_subsample": 0.95,
    "xgb_colsample_bytree": 0.85,
    "xgb_scale_pos_weight": 7.5,
    "xgb_threshold": 0.4,
    "xgb_early_stopping": 20,
    "mlp_feature_hidden_dim": 64,
    "mlp_dropout": 0.5,
    "mlp_lr": 0.0028961603572682073,
    "mlp_weight_decay": 0.00011146976827416427,
    "mlp_epochs": 50,
    "mlp_batch_size": 128,
    "mlp_pos_weight": 8.5,
    "mlp_threshold": 0.4,
    "mlp_early_stopping": 10
  },
  "optuna_optimized": {
    "objective": " Recall + OC-AUC",
    "description": "Hyperparameters optimized using Optuna for maximum recall and ranking ability"
  },
  "data_splits": {
    "train_size": 119121,
    "test_size": 39707,
    "external_size": 53285
  },
  "model_performance": {
    "tfidf": {
      "test": {
        "accuracy": 0.9538116704863122,
        "precision": 0.9030629048194094,
        "recall": 0.9958837772397094,
        "f1": 0.9472047901433589,
        "roc_auc": 0.9975456053639474
      },
      "external": {
        "accuracy": 0.9014544430890494,
        "precision": 0.8688759015170355,
        "recall": 0.9643584170030708,
        "f1": 0.9141305947572402,
        "roc_auc": 0.9683866361851214
      }
    },
    "xgboost": {
      "test": {
        "accuracy": 0.9451230261666709,
        "precision": 0.8898917948996792,
        "recall": 0.9906779661016949,
        "f1": 0.9375841425338719,
        "roc_auc": 0.9962045545371662
      },
      "external": {
        "accuracy": 0.9192831003096557,
        "precision": 0.9012550396670569,
        "recall": 0.9563882275816858,
        "f1": 0.9280034818125512,
        "roc_auc": 0.9779186436208083
      }
    },
    "mlp": {
      "test": {
        "accuracy": 0.9603344498451155,
        "precision": 0.9184633477067816,
        "recall": 0.9927966101694915,
        "f1": 0.954184483811851,
        "roc_auc": 0.9976229570381082
      },
      "external": {
        "accuracy": 0.9153420287135217,
        "precision": 0.8939725674544401,
        "recall": 0.9579753648690612,
        "f1": 0.9248680068619777,
        "roc_auc": 0.9753643125156249
      }
    }
  },
  "feature_names": [
    "sender_domain_entropy",
    "has_attachment",
    "spf_flag_missing",
    "dkim_flag_missing",
    "num_links",
    "subject_length",
    "body_length",
    "keyword_count",
    "num_received_headers",
    "num_exclamation_marks",
    "num_malicious_links"
  ],
  "timestamp": "2025-11-30T15:58:08.295752"
}