{
  "experiment_config": {
    "random_seed": 42,
    "train_split": 0.6,
    "test_split": 0.2,
    "external_split": 0.2,
    "data_source": "emails_v4.parquet",
    "numeric_features": [
      "sender_domain_entropy",
      "has_attachment",
      "spf_flag_missing",
      "dkim_flag_missing",
      "num_links",
      "subject_length",
      "body_length",
      "keyword_count",
      "num_received_headers",
      "num_exclamation_marks",
      "num_malicious_links"
    ],
    "embedding_model": "all-MiniLM-L6-v2",
    "embedding_dim": 384,
    "svd_components": 100,
    "tfidf_max_features": 5000,
    "tfidf_ngram_range": [
      1,
      2
    ],
    "tfidf_min_df": 5,
    "tfidf_max_df": 0.8,
    "lr_max_iter": 1000,
    "lr_C": 1.0,
    "xgb_max_depth": 9,
    "xgb_n_estimators": 300,
    "xgb_learning_rate": 0.1,
    "xgb_min_child_weight": 7,
    "xgb_subsample": 0.85,
    "xgb_colsample_bytree": 0.85,
    "xgb_early_stopping": 20,
    "mlp_feature_hidden_dim": 32,
    "mlp_dropout": 0.3,
    "mlp_lr": 0.001,
    "mlp_weight_decay": 0.0001,
    "mlp_epochs": 50,
    "mlp_batch_size": 64,
    "mlp_early_stopping": 10
  },
  "data_splits": {
    "train_size": 127107,
    "test_size": 42369,
    "external_size": 42637
  },
  "model_performance": {
    "tfidf": {
      "test": {
        "accuracy": 0.9697420283697987,
        "precision": 0.9658894147523952,
        "recall": 0.9603466085160106,
        "f1": 0.9631100368324125,
        "roc_auc": 0.9951663015593836
      },
      "external": {
        "accuracy": 0.8469404507821845,
        "precision": 0.9374216027874565,
        "recall": 0.7957565958118074,
        "f1": 0.8607994539482104,
        "roc_auc": 0.8628852988582304
      }
    },
    "xgboost": {
      "test": {
        "accuracy": 0.9771059029007058,
        "precision": 0.9768749275530312,
        "recall": 0.9672328704235051,
        "f1": 0.9720299884659747,
        "roc_auc": 0.9971643691470564
      },
      "external": {
        "accuracy": 0.8690573914675047,
        "precision": 0.9623550317994762,
        "recall": 0.8115707694127854,
        "f1": 0.8805545452600501,
        "roc_auc": 0.9065040583888005
      }
    },
    "mlp": {
      "test": {
        "accuracy": 0.9771767093865799,
        "precision": 0.9861759319430495,
        "recall": 0.9579364168483875,
        "f1": 0.9718510755974733,
        "roc_auc": 0.9973074981898703
      },
      "external": {
        "accuracy": 0.8508337828646481,
        "precision": 0.9708054522924411,
        "recall": 0.7724099854083685,
        "f1": 0.8603180180971625,
        "roc_auc": 0.9034671397079337
      }
    }
  },
  "feature_names": [
    "sender_domain_entropy",
    "has_attachment",
    "spf_flag_missing",
    "dkim_flag_missing",
    "num_links",
    "subject_length",
    "body_length",
    "keyword_count",
    "num_received_headers",
    "num_exclamation_marks",
    "num_malicious_links"
  ],
  "timestamp": "2025-11-25T18:30:26.440295"
}