{
  "tfidf": {
    "best_score": 0.9795600055498764,
    "recall": 0.9794794188861985,
    "roc_auc": 0.9969891155507841,
    "precision": 0.9622383444338725,
    "f1_score": 0.970782337413007,
    "best_params": {
      "max_features": 5000,
      "min_df": 4,
      "max_df": 0.75,
      "ngram_max": 1,
      "C": 4.02155452669029,
      "class_weight_ratio": 1.5,
      "threshold": 0.5
    }
  },
  "xgboost": {
    "best_score": 0.9842851156176371,
    "recall": 0.9809322033898306,
    "roc_auc": 0.9980693591769039,
    "precision": 0.9749714216954455,
    "f1_score": 0.9779427295495006,
    "best_params": {
      "max_depth": 10,
      "n_estimators": 450,
      "learning_rate": 0.08506410127049083,
      "min_child_weight": 3,
      "subsample": 0.7,
      "colsample_bytree": 0.95,
      "scale_pos_weight": 2.0,
      "threshold": 0.4
    }
  },
  "mlp": {
    "best_score": 0.9853195766640783,
    "recall": 0.9779055690072639,
    "roc_auc": 0.9979200324219413,
    "precision": 0.9826044644486345,
    "f1_score": 0.9802493856375717,
    "best_params": {
      "feature_hidden_dim": 32,
      "dropout": 0.1,
      "lr": 0.00020511104188433984,
      "weight_decay": 1.3066739238053272e-05,
      "batch_size": 32,
      "pos_weight": 1.0,
      "threshold": 0.5
    }
  }
}